"Status","Start Time","Stop Time","Duration in ms","Parent Suite","Suite","Sub Suite","Test Class","Test Method","Name","Description"
"passed","Tue Jan 02 13:06:25 EST 2024","Tue Jan 02 13:06:31 EST 2024","5471","","Queue feature","","The user is able to run code in Editor for Graph page","","The user is able to run code in Editor for Graph page",""
"passed","Tue Jan 02 13:07:07 EST 2024","Tue Jan 02 13:07:08 EST 2024","565","","User tests the Tree page on the Ds algo application","","The user is able to navigate to binary tree traversals Page","","The user is able to navigate to binary tree traversals Page",""
"passed","Tue Jan 02 13:04:01 EST 2024","Tue Jan 02 13:04:02 EST 2024","1205","","Validating Register page","","The user redirected to Homepage with valid details","","The user redirected to Homepage with valid details",""
"passed","Tue Jan 02 13:07:04 EST 2024","Tue Jan 02 13:07:05 EST 2024","494","","User tests the Tree page on the Ds algo application","","The user is presented with error message for invalid code in Editor for Graph page","","The user is presented with error message for invalid code in Editor for Graph page",""
"passed","Tue Jan 02 13:06:06 EST 2024","Tue Jan 02 13:06:06 EST 2024","674","","Testing LinkedList page","","The user validating ""Practice Questions"" page","","The user validating ""Practice Questions"" page",""
"passed","Tue Jan 02 13:07:39 EST 2024","Tue Jan 02 13:07:39 EST 2024","428","","Graph: Luanch the DS-Algo portal and test Graph module","","The user is presented with error message for invalid code in Editor for Graph Representations page","","The user is presented with error message for invalid code in Editor for Graph Representations page",""
"passed","Tue Jan 02 13:03:57 EST 2024","Tue Jan 02 13:03:57 EST 2024","614","","Validating Register page","","The user is presented with error message for invalid username","","The user is presented with error message for invalid username",""
"passed","Tue Jan 02 13:03:57 EST 2024","Tue Jan 02 13:03:58 EST 2024","651","","Validating Register page","","The user is presented with error message for password mismatch","","The user is presented with error message for password mismatch",""
"passed","Tue Jan 02 13:06:57 EST 2024","Tue Jan 02 13:06:58 EST 2024","347","","User tests the Tree page on the Ds algo application","","The user is able to navigate to a page having an tryEditor from Tree Traversals Page","","The user is able to navigate to a page having an tryEditor from Tree Traversals Page",""
"passed","Tue Jan 02 13:03:59 EST 2024","Tue Jan 02 13:04:00 EST 2024","1329","","Validating Register page","","The user is presented with error message for password too similar to your other personal information","","The user is presented with error message for password too similar to your other personal information",""
"passed","Tue Jan 02 13:06:55 EST 2024","Tue Jan 02 13:06:55 EST 2024","459","","User tests the Tree page on the Ds algo application","","The user is presented with error message for invalid code in Editor for Graph page","","The user is presented with error message for invalid code in Editor for Graph page",""
"passed","Tue Jan 02 13:04:18 EST 2024","Tue Jan 02 13:04:23 EST 2024","5140","","DataStructures-Introduction feature","","The user is presented with error message for invalid code in Editor for Graph page","","The user is presented with error message for invalid code in Editor for Graph page",""
"passed","Tue Jan 02 13:06:04 EST 2024","Tue Jan 02 13:06:04 EST 2024","518","","Testing LinkedList page","","User navigated to tryEditor page with Run button from Deletion page","","User navigated to tryEditor page with Run button from Deletion page",""
"passed","Tue Jan 02 13:06:08 EST 2024","Tue Jan 02 13:06:09 EST 2024","596","","Stack: Luanch the DS-Algo portal and test Stack module","","The user is able to run code in Editor for Graph page","","The user is able to run code in Editor for Graph page",""
"passed","Tue Jan 02 13:07:25 EST 2024","Tue Jan 02 13:07:25 EST 2024","331","","User tests the Tree page on the Ds algo application","","The user is able to navigate to ""Implementation of BST"" Page","","The user is able to navigate to ""Implementation of BST"" Page",""
"passed","Tue Jan 02 13:05:51 EST 2024","Tue Jan 02 13:05:52 EST 2024","36","","Testing LinkedList page","","User navigated to ""linked list"" page","","User navigated to ""linked list"" page",""
"passed","Tue Jan 02 13:04:32 EST 2024","Tue Jan 02 13:04:37 EST 2024","5129","","Array feature","","The user is presented with error message for invalid code in Editor for Graph page","","The user is presented with error message for invalid code in Editor for Graph page",""
"passed","Tue Jan 02 13:07:11 EST 2024","Tue Jan 02 13:07:14 EST 2024","3379","","User tests the Tree page on the Ds algo application","","The user is able to run code in Editor for Graph page","","The user is able to run code in Editor for Graph page",""
"passed","Tue Jan 02 13:03:19 EST 2024","Tue Jan 02 13:03:23 EST 2024","3316","","User launch dsalgo application and test Home page","","User is on Home page and click getstarted link ""Tree"" on home page without sign in","","User is on Home page and click getstarted link ""Tree"" on home page without sign in",""
"passed","Tue Jan 02 13:05:56 EST 2024","Tue Jan 02 13:05:56 EST 2024","332","","Testing LinkedList page","","User navigated to tryEditor page with Run button from Types of Linked List","","User navigated to tryEditor page with Run button from Types of Linked List",""
"passed","Tue Jan 02 13:07:09 EST 2024","Tue Jan 02 13:07:10 EST 2024","560","","User tests the Tree page on the Ds algo application","","The user is able to navigate to Implementation of Binary Trees Page","","The user is able to navigate to Implementation of Binary Trees Page",""
"passed","Tue Jan 02 13:06:05 EST 2024","Tue Jan 02 13:06:06 EST 2024","467","","Testing LinkedList page","","The user is presented with error message for invalid code in Editor for Graph page","","The user is presented with error message for invalid code in Editor for Graph page",""
"passed","Tue Jan 02 13:05:18 EST 2024","Tue Jan 02 13:05:19 EST 2024","1112","","Array feature","","The user is able to navigate to Question page from Max Consecutive Ones","","The user is able to navigate to Question page from Max Consecutive Ones",""
"passed","Tue Jan 02 13:02:54 EST 2024","Tue Jan 02 13:03:01 EST 2024","7701","","User launch dsalgo application and test Home page","","User launch home page of an dsalgo project","","User launch home page of an dsalgo project",""
"passed","Tue Jan 02 13:03:46 EST 2024","Tue Jan 02 13:03:47 EST 2024","798","","User launch dsalgo application and test Home page","","User is on Home page and click on sign in","","User is on Home page and click on sign in",""
"passed","Tue Jan 02 13:06:36 EST 2024","Tue Jan 02 13:06:37 EST 2024","618","","Queue feature","","Navigating Implementation using collections.deque page","","Navigating Implementation using collections.deque page",""
"passed","Tue Jan 02 13:06:11 EST 2024","Tue Jan 02 13:06:12 EST 2024","1052","","Stack: Luanch the DS-Algo portal and test Stack module","","The user is able to navigate to ""Applications"" in stack Page","","The user is able to navigate to ""Applications"" in stack Page",""
"passed","Tue Jan 02 13:06:50 EST 2024","Tue Jan 02 13:06:51 EST 2024","1335","","User tests the Tree page on the Ds algo application","","The user is directed to ""Tree"" Page","","The user is directed to ""Tree"" Page",""
"passed","Tue Jan 02 13:07:05 EST 2024","Tue Jan 02 13:07:06 EST 2024","589","","User tests the Tree page on the Ds algo application","","The user is able to navigate to Implementation in Python Page","","The user is able to navigate to Implementation in Python Page",""
"passed","Tue Jan 02 13:07:19 EST 2024","Tue Jan 02 13:07:24 EST 2024","5160","","User tests the Tree page on the Ds algo application","","The user is presented with error message for invalid code in Editor for Graph page","","The user is presented with error message for invalid code in Editor for Graph page",""
"passed","Tue Jan 02 13:06:57 EST 2024","Tue Jan 02 13:06:57 EST 2024","431","","User tests the Tree page on the Ds algo application","","The user is presented with error message for invalid code in Editor for Graph page","","The user is presented with error message for invalid code in Editor for Graph page",""
"passed","Tue Jan 02 13:07:01 EST 2024","Tue Jan 02 13:07:02 EST 2024","360","","User tests the Tree page on the Ds algo application","","The user is able to navigate to a page having an tryEditor from Binary Trees Page","","The user is able to navigate to a page having an tryEditor from Binary Trees Page",""
"passed","Tue Jan 02 13:04:55 EST 2024","Tue Jan 02 13:05:00 EST 2024","5134","","Array feature","","The user is presented with error message for invalid code in Editor for Graph page","","The user is presented with error message for invalid code in Editor for Graph page",""
"passed","Tue Jan 02 13:07:00 EST 2024","Tue Jan 02 13:07:01 EST 2024","432","","User tests the Tree page on the Ds algo application","","The user is presented with error message for invalid code in Editor for Graph page","","The user is presented with error message for invalid code in Editor for Graph page",""
"broken","Tue Jan 02 13:05:12 EST 2024","Tue Jan 02 13:05:15 EST 2024","2412","","Array feature","","The user is able to run code in tryEditor for Search the array link","","The user is able to run code in tryEditor for Search the array link",""
"broken","Tue Jan 02 13:05:26 EST 2024","Tue Jan 02 13:05:29 EST 2024","2333","","Array feature","","The user is able to run code in tryEditor for Find Numbers with Even Number of Digits","","The user is able to run code in tryEditor for Find Numbers with Even Number of Digits",""
"passed","Tue Jan 02 13:06:10 EST 2024","Tue Jan 02 13:06:11 EST 2024","629","","Stack: Luanch the DS-Algo portal and test Stack module","","The user is able to run code in Editor for Graph page","","The user is able to run code in Editor for Graph page",""
"passed","Tue Jan 02 13:04:00 EST 2024","Tue Jan 02 13:04:01 EST 2024","631","","Validating Register page","","The user is presented with error message for commonly used password","","The user is presented with error message for commonly used password",""
"passed","Tue Jan 02 13:03:56 EST 2024","Tue Jan 02 13:03:57 EST 2024","389","","Validating Register page","","The user is presented with error message for empty fields below confirm Password textbox","","The user is presented with error message for empty fields below confirm Password textbox",""
"passed","Tue Jan 02 13:07:15 EST 2024","Tue Jan 02 13:07:16 EST 2024","353","","User tests the Tree page on the Ds algo application","","The user is able to navigate to a page having an tryEditor from Applications of Binary trees Page","","The user is able to navigate to a page having an tryEditor from Applications of Binary trees Page",""
"passed","Tue Jan 02 13:04:25 EST 2024","Tue Jan 02 13:04:25 EST 2024","240","","Array feature","","Navigating to Array page","","Navigating to Array page",""
"passed","Tue Jan 02 13:06:44 EST 2024","Tue Jan 02 13:06:46 EST 2024","1110","","Queue feature","","Navigating Implementation using array page","","Navigating Implementation using array page",""
"passed","Tue Jan 02 13:06:47 EST 2024","Tue Jan 02 13:06:48 EST 2024","981","","Queue feature","","Navigating Queue Operations page","","Navigating Queue Operations page",""
"passed","Tue Jan 02 13:03:08 EST 2024","Tue Jan 02 13:03:13 EST 2024","4124","","User launch dsalgo application and test Home page","","User is on Home page and click getstarted link ""Linkedlist"" on home page without sign in","","User is on Home page and click getstarted link ""Linkedlist"" on home page without sign in",""
"passed","Tue Jan 02 13:03:23 EST 2024","Tue Jan 02 13:03:26 EST 2024","3332","","User launch dsalgo application and test Home page","","User is on Home page and click getstarted link ""Graph"" on home page without sign in","","User is on Home page and click getstarted link ""Graph"" on home page without sign in",""
"passed","Tue Jan 02 13:07:04 EST 2024","Tue Jan 02 13:07:04 EST 2024","620","","User tests the Tree page on the Ds algo application","","The user is able to run code in Editor for Graph page","","The user is able to run code in Editor for Graph page",""
"passed","Tue Jan 02 13:04:04 EST 2024","Tue Jan 02 13:04:05 EST 2024","552","","Validating Login page","","User on login page and login with empty username and valid password","","User on login page and login with empty username and valid password",""
"passed","Tue Jan 02 13:04:26 EST 2024","Tue Jan 02 13:04:31 EST 2024","5592","","Array feature","","The user is able to run code in Editor for Graph page","","The user is able to run code in Editor for Graph page",""
"passed","Tue Jan 02 13:07:16 EST 2024","Tue Jan 02 13:07:17 EST 2024","429","","User tests the Tree page on the Ds algo application","","The user is presented with error message for invalid code in Editor for Graph page","","The user is presented with error message for invalid code in Editor for Graph page",""
"passed","Tue Jan 02 13:03:58 EST 2024","Tue Jan 02 13:03:58 EST 2024","630","","Validating Register page","","The user is presented with error message for password with characters less than eight","","The user is presented with error message for password with characters less than eight",""
"passed","Tue Jan 02 13:07:18 EST 2024","Tue Jan 02 13:07:18 EST 2024","540","","User tests the Tree page on the Ds algo application","","The user is able to navigate to a page having an tryEditor from Binary Search Trees Page","","The user is able to navigate to a page having an tryEditor from Binary Search Trees Page",""
"passed","Tue Jan 02 13:07:06 EST 2024","Tue Jan 02 13:07:07 EST 2024","608","","User tests the Tree page on the Ds algo application","","The user is able to run code in Editor for Graph page","","The user is able to run code in Editor for Graph page",""
"passed","Tue Jan 02 13:06:42 EST 2024","Tue Jan 02 13:06:44 EST 2024","2088","","Queue feature","","The user is presented with error message for invalid code in Editor for Graph page","","The user is presented with error message for invalid code in Editor for Graph page",""
"passed","Tue Jan 02 13:05:52 EST 2024","Tue Jan 02 13:05:52 EST 2024","395","","Testing LinkedList page","","User navigated to tryEditor page with Run button from Introduction page","","User navigated to tryEditor page with Run button from Introduction page",""
"passed","Tue Jan 02 13:06:49 EST 2024","Tue Jan 02 13:06:50 EST 2024","718","","User tests the Tree page on the Ds algo application","","The user is logged in to DS Algo portal","","The user is logged in to DS Algo portal",""
"passed","Tue Jan 02 13:07:34 EST 2024","Tue Jan 02 13:07:35 EST 2024","593","","Graph: Luanch the DS-Algo portal and test Graph module","","The user is able to run code in Editor for Graph page","","The user is able to run code in Editor for Graph page",""
"passed","Tue Jan 02 13:04:06 EST 2024","Tue Jan 02 13:04:07 EST 2024","546","","Validating Login page","","User on login page and login with valid username and invalid password","","User on login page and login with valid username and invalid password",""
"passed","Tue Jan 02 13:06:23 EST 2024","Tue Jan 02 13:06:24 EST 2024","394","","Stack: Luanch the DS-Algo portal and test Stack module","","The user is able to navigate to ""Practice Questions"" in stack Page","","The user is able to navigate to ""Practice Questions"" in stack Page",""
"passed","Tue Jan 02 13:04:07 EST 2024","Tue Jan 02 13:04:08 EST 2024","635","","Validating Login page","","User on login page and login with valid username and  valid password","","User on login page and login with valid username and  valid password",""
"passed","Tue Jan 02 13:04:09 EST 2024","Tue Jan 02 13:04:10 EST 2024","241","","DataStructures-Introduction feature","","Navigating to DataStructures-Introduction page","","Navigating to DataStructures-Introduction page",""
"passed","Tue Jan 02 13:06:10 EST 2024","Tue Jan 02 13:06:10 EST 2024","328","","Stack: Luanch the DS-Algo portal and test Stack module","","The user is able to navigate to Implementation page having an tryEditor","","The user is able to navigate to Implementation page having an tryEditor",""
"passed","Tue Jan 02 13:07:35 EST 2024","Tue Jan 02 13:07:35 EST 2024","464","","Graph: Luanch the DS-Algo portal and test Graph module","","The user is presented with error message for invalid code in Editor for Graph page","","The user is presented with error message for invalid code in Editor for Graph page",""
"passed","Tue Jan 02 13:06:55 EST 2024","Tue Jan 02 13:06:56 EST 2024","567","","User tests the Tree page on the Ds algo application","","The user is able to navigate to ""Types of Trees"" Page","","The user is able to navigate to ""Types of Trees"" Page",""
"passed","Tue Jan 02 13:06:46 EST 2024","Tue Jan 02 13:06:47 EST 2024","477","","Queue feature","","The user is presented with error message for invalid code in Editor for Graph page","","The user is presented with error message for invalid code in Editor for Graph page",""
"passed","Tue Jan 02 13:05:50 EST 2024","Tue Jan 02 13:05:51 EST 2024","474","","Array feature","","The user is presented with error message for code with invalid syntax in tryEditor for Squares of a Sorted Array","","The user is presented with error message for code with invalid syntax in tryEditor for Squares of a Sorted Array",""
"passed","Tue Jan 02 13:05:01 EST 2024","Tue Jan 02 13:05:06 EST 2024","5538","","Array feature","","The user is able to run code in Editor for Graph page","","The user is able to run code in Editor for Graph page",""
"passed","Tue Jan 02 13:05:12 EST 2024","Tue Jan 02 13:05:12 EST 2024","300","","Array feature","","The user is able to navigate to Question page from Search the array link","","The user is able to navigate to Question page from Search the array link",""
"passed","Tue Jan 02 13:07:08 EST 2024","Tue Jan 02 13:07:09 EST 2024","596","","User tests the Tree page on the Ds algo application","","The user is able to run code in Editor for Graph page","","The user is able to run code in Editor for Graph page",""
"passed","Tue Jan 02 13:05:59 EST 2024","Tue Jan 02 13:05:59 EST 2024","473","","Testing LinkedList page","","The user is presented with error message for invalid code in Editor for Graph page","","The user is presented with error message for invalid code in Editor for Graph page",""
"passed","Tue Jan 02 13:03:55 EST 2024","Tue Jan 02 13:03:56 EST 2024","392","","Validating Register page","","The user is presented with error message for empty fields below Username textbox","","The user is presented with error message for empty fields below Username textbox",""
"passed","Tue Jan 02 13:05:17 EST 2024","Tue Jan 02 13:05:18 EST 2024","664","","Array feature","","The user is presented with error message for code with invalid syntax in tryEditor for Search the array link","","The user is presented with error message for code with invalid syntax in tryEditor for Search the array link",""
"passed","Tue Jan 02 13:07:39 EST 2024","Tue Jan 02 13:07:42 EST 2024","2584","","Graph: Luanch the DS-Algo portal and test Graph module","","The user is able to navigate to graph url and click on Practice Questions","","The user is able to navigate to graph url and click on Practice Questions",""
"passed","Tue Jan 02 13:04:11 EST 2024","Tue Jan 02 13:04:18 EST 2024","7138","","DataStructures-Introduction feature","","The user is able to run code in Editor for Graph page","","The user is able to run code in Editor for Graph page",""
"passed","Tue Jan 02 13:03:16 EST 2024","Tue Jan 02 13:03:19 EST 2024","3334","","User launch dsalgo application and test Home page","","User is on Home page and click getstarted link ""Queue"" on home page without sign in","","User is on Home page and click getstarted link ""Queue"" on home page without sign in",""
"passed","Tue Jan 02 13:07:02 EST 2024","Tue Jan 02 13:07:03 EST 2024","451","","User tests the Tree page on the Ds algo application","","The user is presented with error message for invalid code in Editor for Graph page","","The user is presented with error message for invalid code in Editor for Graph page",""
"passed","Tue Jan 02 13:04:05 EST 2024","Tue Jan 02 13:04:05 EST 2024","501","","Validating Login page","","User on login page and login with valid username and empty password","","User on login page and login with valid username and empty password",""
"passed","Tue Jan 02 13:06:59 EST 2024","Tue Jan 02 13:07:00 EST 2024","561","","User tests the Tree page on the Ds algo application","","The user is able to navigate to ""Traversals illustration"" Page","","The user is able to navigate to ""Traversals illustration"" Page",""
"passed","Tue Jan 02 13:03:30 EST 2024","Tue Jan 02 13:03:33 EST 2024","3369","","User launch dsalgo application and test Home page","","User is on Home page and click on dropdown ""Linkedlist"" without sign in","","User is on Home page and click on dropdown ""Linkedlist"" without sign in",""
"passed","Tue Jan 02 13:06:09 EST 2024","Tue Jan 02 13:06:10 EST 2024","496","","Stack: Luanch the DS-Algo portal and test Stack module","","The user is able to navigate to ""Implementation"" Page","","The user is able to navigate to ""Implementation"" Page",""
"passed","Tue Jan 02 13:05:26 EST 2024","Tue Jan 02 13:05:26 EST 2024","522","","Array feature","","The user is able to navigate to Question page from Find Numbers with Even Number of Digits","","The user is able to navigate to Question page from Find Numbers with Even Number of Digits",""
"passed","Tue Jan 02 13:06:00 EST 2024","Tue Jan 02 13:06:01 EST 2024","587","","Testing LinkedList page","","The user is able to run code in Editor for Graph page","","The user is able to run code in Editor for Graph page",""
"passed","Tue Jan 02 13:06:02 EST 2024","Tue Jan 02 13:06:03 EST 2024","591","","Testing LinkedList page","","The user is able to run code in Editor for Graph page","","The user is able to run code in Editor for Graph page",""
"passed","Tue Jan 02 13:06:31 EST 2024","Tue Jan 02 13:06:36 EST 2024","5154","","Queue feature","","The user is presented with error message for invalid code in Editor for Graph page","","The user is presented with error message for invalid code in Editor for Graph page",""
"passed","Tue Jan 02 13:05:11 EST 2024","Tue Jan 02 13:05:12 EST 2024","586","","Array feature","","Navigating to Practice Questions page","","Navigating to Practice Questions page",""
"passed","Tue Jan 02 13:04:23 EST 2024","Tue Jan 02 13:04:24 EST 2024","1256","","DataStructures-Introduction feature","","The user is able to click and navigate to Practice Questions","","The user is able to click and navigate to Practice Questions",""
"passed","Tue Jan 02 13:05:57 EST 2024","Tue Jan 02 13:05:57 EST 2024","457","","Testing LinkedList page","","The user is presented with error message for invalid code in Editor for Graph page","","The user is presented with error message for invalid code in Editor for Graph page",""
"passed","Tue Jan 02 13:07:02 EST 2024","Tue Jan 02 13:07:02 EST 2024","532","","User tests the Tree page on the Ds algo application","","The user is able to run code in Editor for Graph page","","The user is able to run code in Editor for Graph page",""
"passed","Tue Jan 02 13:05:15 EST 2024","Tue Jan 02 13:05:17 EST 2024","2383","","Array feature","","The user is able to submit code in tryEditor for Search the array link","","The user is able to submit code in tryEditor for Search the array link",""
"passed","Tue Jan 02 13:03:56 EST 2024","Tue Jan 02 13:03:56 EST 2024","494","","Validating Register page","","The user is presented with error message for empty fields below Password textbox","","The user is presented with error message for empty fields below Password textbox",""
"passed","Tue Jan 02 13:06:49 EST 2024","Tue Jan 02 13:06:49 EST 2024","515","","Queue feature","","The user is able to click and navigate to Practice Questions","","The user is able to click and navigate to Practice Questions",""
"passed","Tue Jan 02 13:07:37 EST 2024","Tue Jan 02 13:07:38 EST 2024","1575","","Graph: Luanch the DS-Algo portal and test Graph module","","The user should be redirected to tryeditor page with run button to test python code","","The user should be redirected to tryeditor page with run button to test python code",""
"passed","Tue Jan 02 13:05:43 EST 2024","Tue Jan 02 13:05:43 EST 2024","497","","Array feature","","The user is able to navigate to Question page from Squares of a Sorted Array","","The user is able to navigate to Question page from Squares of a Sorted Array",""
"passed","Tue Jan 02 13:07:03 EST 2024","Tue Jan 02 13:07:04 EST 2024","439","","User tests the Tree page on the Ds algo application","","The user is able to navigate to a page having an tryEditor from Types of Binary Trees Page","","The user is able to navigate to a page having an tryEditor from Types of Binary Trees Page",""
"broken","Tue Jan 02 13:05:43 EST 2024","Tue Jan 02 13:05:47 EST 2024","3687","","Array feature","","The user is able to run code in tryEditor for Squares of a Sorted Array","","The user is able to run code in tryEditor for Squares of a Sorted Array",""
"passed","Tue Jan 02 13:06:48 EST 2024","Tue Jan 02 13:06:49 EST 2024","438","","Queue feature","","The user is presented with error message for invalid code in Editor for Graph page","","The user is presented with error message for invalid code in Editor for Graph page",""
"passed","Tue Jan 02 13:07:10 EST 2024","Tue Jan 02 13:07:11 EST 2024","956","","User tests the Tree page on the Ds algo application","","The user is able to navigate to a page having an tryEditor from Implementation of Binary Trees Page","","The user is able to navigate to a page having an tryEditor from Implementation of Binary Trees Page",""
"passed","Tue Jan 02 13:03:40 EST 2024","Tue Jan 02 13:03:43 EST 2024","3357","","User launch dsalgo application and test Home page","","User is on Home page and click on dropdown ""Tree"" without sign in","","User is on Home page and click on dropdown ""Tree"" without sign in",""
"passed","Tue Jan 02 13:07:31 EST 2024","Tue Jan 02 13:07:31 EST 2024","344","","Graph: Luanch the DS-Algo portal and test Graph module","","The user is able to navigate to Graph home page","","The user is able to navigate to Graph home page",""
"passed","Tue Jan 02 13:03:47 EST 2024","Tue Jan 02 13:03:48 EST 2024","875","","User launch dsalgo application and test Home page","","User is on Home page and click on Register","","User is on Home page and click on Register",""
"passed","Tue Jan 02 13:04:24 EST 2024","Tue Jan 02 13:04:25 EST 2024","568","","Array feature","","The user is logged in to DS Algo portal","","The user is logged in to DS Algo portal",""
"passed","Tue Jan 02 13:05:53 EST 2024","Tue Jan 02 13:05:53 EST 2024","443","","Testing LinkedList page","","The user is presented with error message for invalid code in Editor for Graph page","","The user is presented with error message for invalid code in Editor for Graph page",""
"passed","Tue Jan 02 13:07:25 EST 2024","Tue Jan 02 13:07:25 EST 2024","256","","User tests the Tree page on the Ds algo application","","The user is able to navigate to a page having an tryEditor from Implementation Of BST Page","","The user is able to navigate to a page having an tryEditor from Implementation Of BST Page",""
"passed","Tue Jan 02 13:03:26 EST 2024","Tue Jan 02 13:03:29 EST 2024","3371","","User launch dsalgo application and test Home page","","User is on Home page and click on dropdown ""Arrays"" without sign in","","User is on Home page and click on dropdown ""Arrays"" without sign in",""
"passed","Tue Jan 02 13:04:25 EST 2024","Tue Jan 02 13:04:26 EST 2024","833","","Array feature","","Navigating Arrays in Python page","","Navigating Arrays in Python page",""
"passed","Tue Jan 02 13:04:08 EST 2024","Tue Jan 02 13:04:09 EST 2024","1066","","Validating Login page","","Sign-Out scenario","","Sign-Out scenario",""
"passed","Tue Jan 02 13:06:09 EST 2024","Tue Jan 02 13:06:09 EST 2024","485","","Stack: Luanch the DS-Algo portal and test Stack module","","The user is presented with error message for invalid code in Editor for Graph page","","The user is presented with error message for invalid code in Editor for Graph page",""
"passed","Tue Jan 02 13:03:36 EST 2024","Tue Jan 02 13:03:40 EST 2024","3304","","User launch dsalgo application and test Home page","","User is on Home page and click on dropdown ""Queue"" without sign in","","User is on Home page and click on dropdown ""Queue"" without sign in",""
"passed","Tue Jan 02 13:07:03 EST 2024","Tue Jan 02 13:07:03 EST 2024","567","","User tests the Tree page on the Ds algo application","","The user is able to navigate to ""Types of Binary trees"" Page","","The user is able to navigate to ""Types of Binary trees"" Page",""
"passed","Tue Jan 02 13:06:04 EST 2024","Tue Jan 02 13:06:05 EST 2024","580","","Testing LinkedList page","","The user is able to run code in Editor for Graph page","","The user is able to run code in Editor for Graph page",""
"passed","Tue Jan 02 13:07:00 EST 2024","Tue Jan 02 13:07:00 EST 2024","351","","User tests the Tree page on the Ds algo application","","The user is able to navigate to a page having an tryEditor from Traversals-Illustration Page","","The user is able to navigate to a page having an tryEditor from Traversals-Illustration Page",""
"passed","Tue Jan 02 13:03:48 EST 2024","Tue Jan 02 13:03:55 EST 2024","7036","","Validating Register page","","User launch home page of an dsalgo project","","User launch home page of an dsalgo project",""
"passed","Tue Jan 02 13:06:56 EST 2024","Tue Jan 02 13:06:56 EST 2024","349","","User tests the Tree page on the Ds algo application","","The user is able to navigate to a page having an tryEditor from Types of Trees page","","The user is able to navigate to a page having an tryEditor from Types of Trees page",""
"passed","Tue Jan 02 13:06:07 EST 2024","Tue Jan 02 13:06:07 EST 2024","366","","Stack: Luanch the DS-Algo portal and test Stack module","","The user is directed to ""Stack"" Page","","The user is directed to ""Stack"" Page",""
"passed","Tue Jan 02 13:06:58 EST 2024","Tue Jan 02 13:06:59 EST 2024","501","","User tests the Tree page on the Ds algo application","","The user is presented with error message for invalid code in Editor for Graph page","","The user is presented with error message for invalid code in Editor for Graph page",""
"passed","Tue Jan 02 13:07:15 EST 2024","Tue Jan 02 13:07:15 EST 2024","606","","User tests the Tree page on the Ds algo application","","The user is able to navigate to Applications of Binary Trees Page","","The user is able to navigate to Applications of Binary Trees Page",""
"passed","Tue Jan 02 13:06:37 EST 2024","Tue Jan 02 13:06:42 EST 2024","5610","","Queue feature","","The user is able to run code in Editor for Graph page","","The user is able to run code in Editor for Graph page",""
"passed","Tue Jan 02 13:04:37 EST 2024","Tue Jan 02 13:04:43 EST 2024","5586","","Array feature","","The user is able to run code in Editor for Graph page","","The user is able to run code in Editor for Graph page",""
"passed","Tue Jan 02 13:06:54 EST 2024","Tue Jan 02 13:06:55 EST 2024","560","","User tests the Tree page on the Ds algo application","","The user is able to run code in Editor for Graph page","","The user is able to run code in Editor for Graph page",""
"passed","Tue Jan 02 13:04:10 EST 2024","Tue Jan 02 13:04:11 EST 2024","954","","DataStructures-Introduction feature","","Navigating DataStructures-Introduction page","","Navigating DataStructures-Introduction page",""
"passed","Tue Jan 02 13:05:55 EST 2024","Tue Jan 02 13:05:55 EST 2024","434","","Testing LinkedList page","","The user is presented with error message for invalid code in Editor for Graph page","","The user is presented with error message for invalid code in Editor for Graph page",""
"passed","Tue Jan 02 13:07:29 EST 2024","Tue Jan 02 13:07:30 EST 2024","846","","User tests the Tree page on the Ds algo application","","The user validating ""Practice Questions"" page","","The user validating ""Practice Questions"" page",""
"passed","Tue Jan 02 13:07:25 EST 2024","Tue Jan 02 13:07:29 EST 2024","3157","","User tests the Tree page on the Ds algo application","","The user is able to run code in Editor for Graph page","","The user is able to run code in Editor for Graph page",""
"passed","Tue Jan 02 13:04:49 EST 2024","Tue Jan 02 13:04:55 EST 2024","5564","","Array feature","","The user is able to run code in Editor for Graph page","","The user is able to run code in Editor for Graph page",""
"passed","Tue Jan 02 13:07:18 EST 2024","Tue Jan 02 13:07:19 EST 2024","1261","","User tests the Tree page on the Ds algo application","","The user is able to run code in Editor for Graph page","","The user is able to run code in Editor for Graph page",""
"passed","Tue Jan 02 13:05:52 EST 2024","Tue Jan 02 13:05:52 EST 2024","381","","Testing LinkedList page","","User navigated to ""Introduction"" page","","User navigated to ""Introduction"" page",""
"passed","Tue Jan 02 13:05:57 EST 2024","Tue Jan 02 13:05:58 EST 2024","495","","Testing LinkedList page","","user navigated to ""Implementation linked list in python"" page","","user navigated to ""Implementation linked list in python"" page",""
"passed","Tue Jan 02 13:06:25 EST 2024","Tue Jan 02 13:06:25 EST 2024","612","","Queue feature","","Navigating Implementation of Queue in Python page","","Navigating Implementation of Queue in Python page",""
"passed","Tue Jan 02 13:05:59 EST 2024","Tue Jan 02 13:06:00 EST 2024","540","","Testing LinkedList page","","user navigated to ""Traversal"" page","","user navigated to ""Traversal"" page",""
"passed","Tue Jan 02 13:06:54 EST 2024","Tue Jan 02 13:06:54 EST 2024","316","","User tests the Tree page on the Ds algo application","","The user is able to navigate to Terminologies page having an tryEditor","","The user is able to navigate to Terminologies page having an tryEditor",""
"passed","Tue Jan 02 13:07:31 EST 2024","Tue Jan 02 13:07:33 EST 2024","1328","","Graph: Luanch the DS-Algo portal and test Graph module","","The user is able to navigate to Graph Graph page","","The user is able to navigate to Graph Graph page",""
"passed","Tue Jan 02 13:05:58 EST 2024","Tue Jan 02 13:05:58 EST 2024","329","","Testing LinkedList page","","User navigated to tryEditor page with Run button from Implement Linked List in Python page","","User navigated to tryEditor page with Run button from Implement Linked List in Python page",""
"passed","Tue Jan 02 13:05:22 EST 2024","Tue Jan 02 13:05:25 EST 2024","3202","","Array feature","","The user is able to submit code in tryEditor for Max Consecutive Ones","","The user is able to submit code in tryEditor for Max Consecutive Ones",""
"passed","Tue Jan 02 13:07:09 EST 2024","Tue Jan 02 13:07:09 EST 2024","597","","User tests the Tree page on the Ds algo application","","The user is presented with error message for invalid code in Editor for Graph page","","The user is presented with error message for invalid code in Editor for Graph page",""
"passed","Tue Jan 02 13:05:53 EST 2024","Tue Jan 02 13:05:54 EST 2024","426","","Testing LinkedList page","","User navigated to ""creating linked list"" page","","User navigated to ""creating linked list"" page",""
"passed","Tue Jan 02 13:03:33 EST 2024","Tue Jan 02 13:03:36 EST 2024","3356","","User launch dsalgo application and test Home page","","User is on Home page and click on dropdown ""Stack"" without sign in","","User is on Home page and click on dropdown ""Stack"" without sign in",""
"passed","Tue Jan 02 13:05:55 EST 2024","Tue Jan 02 13:05:56 EST 2024","693","","Testing LinkedList page","","User navigated to ""Types of linked list"" page","","User navigated to ""Types of linked list"" page",""
"passed","Tue Jan 02 13:04:09 EST 2024","Tue Jan 02 13:04:09 EST 2024","772","","DataStructures-Introduction feature","","The user is logged in to DS Algo portal","","The user is logged in to DS Algo portal",""
"passed","Tue Jan 02 13:06:03 EST 2024","Tue Jan 02 13:06:04 EST 2024","579","","Testing LinkedList page","","user navigated to ""Deletion"" page","","user navigated to ""Deletion"" page",""
"passed","Tue Jan 02 13:04:48 EST 2024","Tue Jan 02 13:04:49 EST 2024","1004","","Array feature","","Navigating Basic Operations in Lists page","","Navigating Basic Operations in Lists page",""
"passed","Tue Jan 02 13:07:06 EST 2024","Tue Jan 02 13:07:06 EST 2024","356","","User tests the Tree page on the Ds algo application","","The user is able to navigate to a page having an tryEditor from Implementation in Python Page","","The user is able to navigate to a page having an tryEditor from Implementation in Python Page",""
"passed","Tue Jan 02 13:03:13 EST 2024","Tue Jan 02 13:03:16 EST 2024","3349","","User launch dsalgo application and test Home page","","User is on Home page and click getstarted link ""Stack"" on home page without sign in","","User is on Home page and click getstarted link ""Stack"" on home page without sign in",""
"passed","Tue Jan 02 13:07:16 EST 2024","Tue Jan 02 13:07:16 EST 2024","622","","User tests the Tree page on the Ds algo application","","The user is able to run code in Editor for Graph page","","The user is able to run code in Editor for Graph page",""
"passed","Tue Jan 02 13:06:06 EST 2024","Tue Jan 02 13:06:07 EST 2024","766","","Stack: Luanch the DS-Algo portal and test Stack module","","The user is logged in to DS Algo portal","","The user is logged in to DS Algo portal",""
"passed","Tue Jan 02 13:05:25 EST 2024","Tue Jan 02 13:05:26 EST 2024","483","","Array feature","","The user is presented with error message for invalid code in tryEditor for Max Consecutive Ones","","The user is presented with error message for invalid code in tryEditor for Max Consecutive Ones",""
"broken","Tue Jan 02 13:05:19 EST 2024","Tue Jan 02 13:05:22 EST 2024","3091","","Array feature","","The user is able to run code in tryEditor for Max Consecutive Ones","","The user is able to run code in tryEditor for Max Consecutive Ones",""
"passed","Tue Jan 02 13:06:12 EST 2024","Tue Jan 02 13:06:13 EST 2024","437","","Stack: Luanch the DS-Algo portal and test Stack module","","The user is able to navigate to Applications page having an tryEditor","","The user is able to navigate to Applications page having an tryEditor",""
"passed","Tue Jan 02 13:06:03 EST 2024","Tue Jan 02 13:06:03 EST 2024","498","","Testing LinkedList page","","The user is presented with error message for invalid code in Editor for Graph page","","The user is presented with error message for invalid code in Editor for Graph page",""
"passed","Tue Jan 02 13:06:51 EST 2024","Tue Jan 02 13:06:52 EST 2024","391","","User tests the Tree page on the Ds algo application","","The user is able to navigate to ""Overview of Trees"" page","","The user is able to navigate to ""Overview of Trees"" page",""
"passed","Tue Jan 02 13:06:53 EST 2024","Tue Jan 02 13:06:54 EST 2024","477","","User tests the Tree page on the Ds algo application","","The user is able to navigate to ""Terminologies"" Page","","The user is able to navigate to ""Terminologies"" Page",""
"passed","Tue Jan 02 13:07:08 EST 2024","Tue Jan 02 13:07:08 EST 2024","359","","User tests the Tree page on the Ds algo application","","The user is able to navigate to a page having an tryEditor from Binary Tree Traversals page","","The user is able to navigate to a page having an tryEditor from Binary Tree Traversals page",""
"passed","Tue Jan 02 13:07:35 EST 2024","Tue Jan 02 13:07:37 EST 2024","1534","","Graph: Luanch the DS-Algo portal and test Graph module","","The user is able to navigate to graph page and click on Graph Representations link","","The user is able to navigate to graph page and click on Graph Representations link",""
"passed","Tue Jan 02 13:07:14 EST 2024","Tue Jan 02 13:07:15 EST 2024","534","","User tests the Tree page on the Ds algo application","","The user is presented with error message for invalid code in Editor for Graph page","","The user is presented with error message for invalid code in Editor for Graph page",""
"passed","Tue Jan 02 13:03:05 EST 2024","Tue Jan 02 13:03:08 EST 2024","3346","","User launch dsalgo application and test Home page","","User is on Home page and click getstarted link ""Arrays"" on home page without sign in","","User is on Home page and click getstarted link ""Arrays"" on home page without sign in",""
"passed","Tue Jan 02 13:07:33 EST 2024","Tue Jan 02 13:07:34 EST 2024","1583","","Graph: Luanch the DS-Algo portal and test Graph module","","The user should be redirected to tryeditor page with run button to test python code","","The user should be redirected to tryeditor page with run button to test python code",""
"passed","Tue Jan 02 13:05:52 EST 2024","Tue Jan 02 13:05:53 EST 2024","655","","Testing LinkedList page","","The user is able to run code in Editor for Graph page","","The user is able to run code in Editor for Graph page",""
"passed","Tue Jan 02 13:05:54 EST 2024","Tue Jan 02 13:05:55 EST 2024","579","","Testing LinkedList page","","The user is able to run code in Editor for Graph page","","The user is able to run code in Editor for Graph page",""
"passed","Tue Jan 02 13:04:43 EST 2024","Tue Jan 02 13:04:48 EST 2024","5129","","Array feature","","The user is presented with error message for invalid code in Editor for Graph page","","The user is presented with error message for invalid code in Editor for Graph page",""
"passed","Tue Jan 02 13:06:11 EST 2024","Tue Jan 02 13:06:11 EST 2024","552","","Stack: Luanch the DS-Algo portal and test Stack module","","The user is presented with error message for invalid code in Editor for Graph page","","The user is presented with error message for invalid code in Editor for Graph page",""
"passed","Tue Jan 02 13:05:54 EST 2024","Tue Jan 02 13:05:54 EST 2024","372","","Testing LinkedList page","","User navigated to tryEditor page with Run button from Creating a Linked List page","","User navigated to tryEditor page with Run button from Creating a Linked List page",""
"passed","Tue Jan 02 13:06:46 EST 2024","Tue Jan 02 13:06:46 EST 2024","617","","Queue feature","","The user is able to run code in Editor for Graph page","","The user is able to run code in Editor for Graph page",""
"passed","Tue Jan 02 13:03:58 EST 2024","Tue Jan 02 13:03:59 EST 2024","674","","Validating Register page","","The user is presented with error message for password with only numbers","","The user is presented with error message for password with only numbers",""
"passed","Tue Jan 02 13:06:00 EST 2024","Tue Jan 02 13:06:00 EST 2024","396","","Testing LinkedList page","","User navigated to tryEditor page with Run button from Traversal page","","User navigated to tryEditor page with Run button from Traversal page",""
"passed","Tue Jan 02 13:06:24 EST 2024","Tue Jan 02 13:06:25 EST 2024","647","","Queue feature","","The user is logged in to DS Algo portal","","The user is logged in to DS Algo portal",""
"passed","Tue Jan 02 13:06:53 EST 2024","Tue Jan 02 13:06:53 EST 2024","449","","User tests the Tree page on the Ds algo application","","The user is presented with error message for invalid code in Editor for Graph page","","The user is presented with error message for invalid code in Editor for Graph page",""
"passed","Tue Jan 02 13:05:47 EST 2024","Tue Jan 02 13:05:50 EST 2024","2972","","Array feature","","The user is able to submit code in tryEditor for Squares of a Sorted Array","","The user is able to submit code in tryEditor for Squares of a Sorted Array",""
"passed","Tue Jan 02 13:05:51 EST 2024","Tue Jan 02 13:05:51 EST 2024","856","","Testing LinkedList page","","The user is logged in to DS Algo portal","","The user is logged in to DS Algo portal",""
"passed","Tue Jan 02 13:06:02 EST 2024","Tue Jan 02 13:06:02 EST 2024","364","","Testing LinkedList page","","User navigated to tryEditor page with Run button from Insertion page","","User navigated to tryEditor page with Run button from Insertion page",""
"passed","Tue Jan 02 13:04:37 EST 2024","Tue Jan 02 13:04:37 EST 2024","705","","Array feature","","Navigating Arrays Using List page","","Navigating Arrays Using List page",""
"passed","Tue Jan 02 13:07:00 EST 2024","Tue Jan 02 13:07:00 EST 2024","561","","User tests the Tree page on the Ds algo application","","The user is able to run code in Editor for Graph page","","The user is able to run code in Editor for Graph page",""
"passed","Tue Jan 02 13:05:42 EST 2024","Tue Jan 02 13:05:43 EST 2024","540","","Array feature","","The user is presented with error message for code with invalid syntax in tryEditor for Find Numbers with Even Number of Digits","","The user is presented with error message for code with invalid syntax in tryEditor for Find Numbers with Even Number of Digits",""
"failed","Tue Jan 02 13:04:02 EST 2024","Tue Jan 02 13:04:04 EST 2024","1679","","Validating Register page","","The user is presented with error message for existing username","","The user is presented with error message for existing username",""
"passed","Tue Jan 02 13:07:30 EST 2024","Tue Jan 02 13:07:31 EST 2024","898","","Graph: Luanch the DS-Algo portal and test Graph module","","The user is logged in to DS Algo portal","","The user is logged in to DS Algo portal",""
"passed","Tue Jan 02 13:07:17 EST 2024","Tue Jan 02 13:07:18 EST 2024","819","","User tests the Tree page on the Ds algo application","","The user is able to navigate to ""Binary Search Trees"" Page","","The user is able to navigate to ""Binary Search Trees"" Page",""
"passed","Tue Jan 02 13:07:38 EST 2024","Tue Jan 02 13:07:39 EST 2024","618","","Graph: Luanch the DS-Algo portal and test Graph module","","The user is able to run code in Editor for Graph Representations page","","The user is able to run code in Editor for Graph Representations page",""
"passed","Tue Jan 02 13:06:08 EST 2024","Tue Jan 02 13:06:08 EST 2024","350","","Stack: Luanch the DS-Algo portal and test Stack module","","The user is able to navigate to a page having an tryEditor from Operations in Stack page","","The user is able to navigate to a page having an tryEditor from Operations in Stack page",""
"passed","Tue Jan 02 13:06:56 EST 2024","Tue Jan 02 13:06:57 EST 2024","530","","User tests the Tree page on the Ds algo application","","The user is able to run code in Editor for Graph page","","The user is able to run code in Editor for Graph page",""
"passed","Tue Jan 02 13:07:29 EST 2024","Tue Jan 02 13:07:29 EST 2024","556","","User tests the Tree page on the Ds algo application","","The user is presented with error message for invalid code in Editor for Graph page","","The user is presented with error message for invalid code in Editor for Graph page",""
"passed","Tue Jan 02 13:06:52 EST 2024","Tue Jan 02 13:06:53 EST 2024","579","","User tests the Tree page on the Ds algo application","","The user is able to run code in Editor for Graph page","","The user is able to run code in Editor for Graph page",""
"passed","Tue Jan 02 13:04:05 EST 2024","Tue Jan 02 13:04:06 EST 2024","1150","","Validating Login page","","User on login page and login with invalid username and invalid password","","User on login page and login with invalid username and invalid password",""
"passed","Tue Jan 02 13:06:01 EST 2024","Tue Jan 02 13:06:02 EST 2024","526","","Testing LinkedList page","","user navigated to ""Insertion"" page","","user navigated to ""Insertion"" page",""
"passed","Tue Jan 02 13:06:07 EST 2024","Tue Jan 02 13:06:08 EST 2024","385","","Stack: Luanch the DS-Algo portal and test Stack module","","The user is able to navigate to ""Operations in Stack"" page","","The user is able to navigate to ""Operations in Stack"" page",""
"passed","Tue Jan 02 13:07:07 EST 2024","Tue Jan 02 13:07:07 EST 2024","443","","User tests the Tree page on the Ds algo application","","The user is presented with error message for invalid code in Editor for Graph page","","The user is presented with error message for invalid code in Editor for Graph page",""
"passed","Tue Jan 02 13:06:52 EST 2024","Tue Jan 02 13:06:52 EST 2024","320","","User tests the Tree page on the Ds algo application","","The user is able to navigate to a page having an tryEditor from Overview of Trees page","","The user is able to navigate to a page having an tryEditor from Overview of Trees page",""
"passed","Tue Jan 02 13:03:02 EST 2024","Tue Jan 02 13:03:05 EST 2024","3359","","User launch dsalgo application and test Home page","","User is on Home page and click getstarted link ""Datastructures"" on home page without sign in","","User is on Home page and click getstarted link ""Datastructures"" on home page without sign in",""
"passed","Tue Jan 02 13:06:25 EST 2024","Tue Jan 02 13:06:25 EST 2024","216","","Queue feature","","Navigating to Queue page","","Navigating to Queue page",""
"passed","Tue Jan 02 13:06:48 EST 2024","Tue Jan 02 13:06:48 EST 2024","624","","Queue feature","","The user is able to run code in Editor for Graph page","","The user is able to run code in Editor for Graph page",""
"passed","Tue Jan 02 13:05:06 EST 2024","Tue Jan 02 13:05:11 EST 2024","5145","","Array feature","","The user is presented with error message for invalid code in Editor for Graph page","","The user is presented with error message for invalid code in Editor for Graph page",""
"passed","Tue Jan 02 13:06:58 EST 2024","Tue Jan 02 13:06:58 EST 2024","547","","User tests the Tree page on the Ds algo application","","The user is able to run code in Editor for Graph page","","The user is able to run code in Editor for Graph page",""
"passed","Tue Jan 02 13:06:13 EST 2024","Tue Jan 02 13:06:18 EST 2024","5497","","Stack: Luanch the DS-Algo portal and test Stack module","","The user is able to run code in Editor for Graph page","","The user is able to run code in Editor for Graph page",""
"passed","Tue Jan 02 13:06:18 EST 2024","Tue Jan 02 13:06:23 EST 2024","5142","","Stack: Luanch the DS-Algo portal and test Stack module","","The user is presented with error message for invalid code in Editor for Graph page","","The user is presented with error message for invalid code in Editor for Graph page",""
"passed","Tue Jan 02 13:05:58 EST 2024","Tue Jan 02 13:05:59 EST 2024","565","","Testing LinkedList page","","The user is able to run code in Editor for Graph page","","The user is able to run code in Editor for Graph page",""
"passed","Tue Jan 02 13:06:01 EST 2024","Tue Jan 02 13:06:01 EST 2024","470","","Testing LinkedList page","","The user is presented with error message for invalid code in Editor for Graph page","","The user is presented with error message for invalid code in Editor for Graph page",""
"passed","Tue Jan 02 13:03:43 EST 2024","Tue Jan 02 13:03:46 EST 2024","3386","","User launch dsalgo application and test Home page","","User is on Home page and click on dropdown ""Graph"" without sign in","","User is on Home page and click on dropdown ""Graph"" without sign in",""
"passed","Tue Jan 02 13:06:57 EST 2024","Tue Jan 02 13:06:57 EST 2024","487","","User tests the Tree page on the Ds algo application","","The user is able to navigate to ""Tree Traversals"" Page","","The user is able to navigate to ""Tree Traversals"" Page",""
"passed","Tue Jan 02 13:07:01 EST 2024","Tue Jan 02 13:07:01 EST 2024","529","","User tests the Tree page on the Ds algo application","","The user is able to navigate to ""Binary trees"" Page","","The user is able to navigate to ""Binary trees"" Page",""
"passed","Tue Jan 02 13:05:00 EST 2024","Tue Jan 02 13:05:01 EST 2024","698","","Array feature","","Navigating Applications of Array page","","Navigating Applications of Array page",""
"broken","Tue Jan 02 13:05:29 EST 2024","Tue Jan 02 13:05:42 EST 2024","13822","","Array feature","","The user is able to submit code in tryEditor for Find Numbers with Even Number of Digits","","The user is able to submit code in tryEditor for Find Numbers with Even Number of Digits",""
"passed","Tue Jan 02 13:05:56 EST 2024","Tue Jan 02 13:05:57 EST 2024","553","","Testing LinkedList page","","The user is able to run code in Editor for Graph page","","The user is able to run code in Editor for Graph page",""
